{"cameraMode":{"drawMode":0,"name":"Shaded","section":"Shading Mode"},"sceneLighting":false,"audioPlay":false,"sceneViewState":{"m_AlwaysRefresh":false,"showFog":true,"showSkybox":false,"showFlares":true,"showImageEffects":true,"showParticleSystems":true,"showVisualEffectGraphs":true,"m_FxEnabled":true},"in2DMode":false,"pivot":{"x":-2.473372459411621,"y":0.7141001224517822,"z":-1.6564280986785889},"rotation":{"x":-0.004830231424421072,"y":0.994694173336029,"z":-0.05557095259428024,"w":-0.08645614981651306},"size":1.0428720712661744,"orthographic":false}