{"cameraMode":{"drawMode":0,"name":"Shaded","section":"Shading Mode"},"sceneLighting":false,"audioPlay":false,"sceneViewState":{"m_AlwaysRefresh":false,"showFog":true,"showSkybox":false,"showFlares":true,"showImageEffects":true,"showParticleSystems":true,"showVisualEffectGraphs":true,"m_FxEnabled":true},"in2DMode":false,"pivot":{"x":-9.981998443603516,"y":0.5934890508651733,"z":1.6442534923553467},"rotation":{"x":0.0015310036251321436,"y":-0.9975947141647339,"z":0.02125644125044346,"w":0.06686224043369293},"size":0.8411785364151001,"orthographic":false}